﻿<?xml version="1.0" encoding="utf-8"?>
<HelpTOC>

  <HelpTOCNode Id="112d0caf-5a58-4b38-8623-a772be5ca67d" Title="iMacros.Component" Url="html/70f4a70b-7236-3439-3ee4-75d5cd107a12.htm">
    <HelpTOCNode Title="DownloadStatus Enumeration" Url="html/2029e619-9fcd-db55-7c1b-6d70906d0d9a.htm" />
    <HelpTOCNode Id="f0c420d4-7f26-4f03-a991-e0a5c1c5fb18" Title="iMacrosControl Class" Url="html/529dd334-de25-1561-961f-e1d3d9a778cd.htm">
      <HelpTOCNode Id="dd15887a-6af4-4c32-a419-23547b5fd141" Title="iMacrosControl Properties" Url="html/39919095-7d9d-7bf3-940e-c53292bed76d.htm">
        <HelpTOCNode Title="BrowserStatus Property " Url="html/c20ed085-d0dd-ed3e-5d6b-abf6798dc17f.htm" />
        <HelpTOCNode Title="ErrorCode Property " Url="html/f16f59e3-835b-fe8c-49db-e1438085e3b3.htm" />
        <HelpTOCNode Title="ErrorText Property " Url="html/cefa129c-17ba-9a26-1d16-105965a91a8f.htm" />
        <HelpTOCNode Title="ExtractedValues Property " Url="html/78adae52-9aea-30fe-e0e0-a59a75c9830b.htm" />
        <HelpTOCNode Title="PerformanceData Property " Url="html/dc503e3e-49a8-cb99-6177-40869a112c6f.htm" />
        <HelpTOCNode Title="PlayerMode Property " Url="html/fdde9410-0c16-4b08-73fe-00d37e4cffe5.htm" />
        <HelpTOCNode Title="PlayerStatus Property " Url="html/6687f869-a63b-1fc9-779d-32e73a216b52.htm" />
      </HelpTOCNode>
      <HelpTOCNode Id="2ac06764-5349-4cd9-9e07-f63f0704cc69" Title="iMacrosControl Methods" Url="html/daf24880-0651-a056-a3c5-78b15b870a32.htm">
        <HelpTOCNode Title="Create Method " Url="html/3fd36282-4523-77f4-23ac-65697f970b4f.htm" />
        <HelpTOCNode Id="999a79e6-ff00-47b2-8452-db7eb3c710f7" Title="Dispose Method " Url="html/6d3fa199-af2d-9f6c-f6bf-4369f3056843.htm">
          <HelpTOCNode Title="Dispose Method (Boolean)" Url="html/61ebfa5c-aa3d-2dbb-04fe-1a92575df2d2.htm" />
        </HelpTOCNode>
        <HelpTOCNode Title="GetBrowserEmulationMode Method " Url="html/c6ebeae9-70bd-2708-8185-0fabba1fd5e0.htm" />
        <HelpTOCNode Title="GetPerformanceData Method " Url="html/1d1a48c2-b55a-e17a-b5b7-afe52c7b68bb.htm" />
        <HelpTOCNode Title="PauseOrContinue Method " Url="html/c19502b3-6d15-61f7-74f5-ed68de9ad37d.htm" />
        <HelpTOCNode Title="Play Method " Url="html/1110cf09-8244-6af6-9da8-aa9263993836.htm" />
        <HelpTOCNode Title="SetBrowserEmulationMode Method " Url="html/5df43c3d-d47f-8055-b830-7ee73998937c.htm" />
        <HelpTOCNode Title="SetVariable Method " Url="html/212e1fcb-2fa9-6ad2-4afd-083d6214dc58.htm" />
        <HelpTOCNode Title="Stop Method " Url="html/f4d106b6-b2e6-9d08-e181-4ec3bf8d6563.htm" />
      </HelpTOCNode>
      <HelpTOCNode Id="559e4ac5-ab8a-4488-8d85-6cef0f910c19" Title="iMacrosControl Events" Url="html/e198f029-18eb-0336-ab48-ec14d0dadd42.htm">
        <HelpTOCNode Title="BrowserResize Event" Url="html/651e19c5-f6d4-b1f7-36fb-156bbe3b2fba.htm" />
        <HelpTOCNode Title="BrowserStatusUpdated Event" Url="html/e4cbbc42-d643-5817-fe1d-19f6edfa10b3.htm" />
        <HelpTOCNode Title="FileDownload Event" Url="html/195594b9-9cd6-4eff-c51c-595f784426b7.htm" />
        <HelpTOCNode Title="MacroErrorOccurred Event" Url="html/02dab8b8-3419-b517-2713-e916628a0064.htm" />
        <HelpTOCNode Title="MasterPasswordRequested Event" Url="html/a4749f87-62f6-c572-aa3e-366b505b6710.htm" />
        <HelpTOCNode Title="PlayerModeChanged Event" Url="html/fac513be-abb7-0f42-fe06-4aa900c201fb.htm" />
        <HelpTOCNode Title="PlayerStatusUpdated Event" Url="html/47a3d7fc-6278-100c-96a6-5bb7d997a804.htm" />
        <HelpTOCNode Title="Prompt Event" Url="html/5c4e29d8-2c60-7382-56a0-324608841bc3.htm" />
        <HelpTOCNode Title="TopMostRequired Event" Url="html/5d0085a3-49dd-5cce-3bbe-2d5f0cd46e69.htm" />
      </HelpTOCNode>
    </HelpTOCNode>
    <HelpTOCNode Id="691267c7-fc65-4d62-b5e8-accb02846b5a" Title="iMacrosException Class" Url="html/85b12562-df62-2262-e858-fae373c84e88.htm">
      <HelpTOCNode Id="7551ed9a-f734-400b-85b4-0c515b18493e" Title="iMacrosException Constructor " Url="html/f5584dc9-1199-644b-bd96-2745ae92c64f.htm">
        <HelpTOCNode Title="iMacrosException Constructor (String)" Url="html/dc8f8dd3-e7f7-0d3c-4ca1-a93c4cadec3e.htm" />
        <HelpTOCNode Title="iMacrosException Constructor (String, Exception)" Url="html/8f34e626-7eca-b2d2-7db2-a071603fa11a.htm" />
      </HelpTOCNode>
      <HelpTOCNode Title="iMacrosException Properties" Url="html/f4e7cfb3-6da3-54c2-0615-31c43be0533f.htm" />
      <HelpTOCNode Title="iMacrosException Methods" Url="html/9890cb9b-724e-b527-8157-cd271589a941.htm" />
      <HelpTOCNode Title="iMacrosException Events" Url="html/354255d5-5815-0815-9066-d51b8dda67f9.htm" />
    </HelpTOCNode>
    <HelpTOCNode Title="PlaybackModes Enumeration" Url="html/7bbb28c1-6c2b-debf-c8a1-0477b9d5e091.htm" />
  </HelpTOCNode>
  <HelpTOCNode Id="4a40de9d-6bd5-4b3e-9648-13d9168b79bf" Title="iMacros.Component.EventHelpers" Url="html/4672c50f-c836-5498-8a9e-bb3439e8809a.htm">
    <HelpTOCNode Id="2f5301c9-649e-45b2-98e7-e686ece0809e" Title="BrowserResizeEventArgs Class" Url="html/752f02e1-3ede-386c-676b-2034e6a1caa8.htm">
      <HelpTOCNode Id="665abf2e-7ea6-429a-9e71-c4a0672956ac" Title="BrowserResizeEventArgs Properties" Url="html/53598859-9113-14b7-63b5-5fcb3ec803b6.htm">
        <HelpTOCNode Title="Size Property " Url="html/1f67c417-607f-26af-9df4-65aa0c464ac3.htm" />
      </HelpTOCNode>
      <HelpTOCNode Title="BrowserResizeEventArgs Methods" Url="html/4be829a8-16f9-da0e-38ae-139d3d08e13c.htm" />
    </HelpTOCNode>
    <HelpTOCNode Title="BrowserResizeEventHandler Delegate" Url="html/4315d5d2-5184-990c-825c-f005fa0d2779.htm" />
    <HelpTOCNode Title="BrowserStatusUpdatedEventHandler Delegate" Url="html/6052d360-8fd6-2254-d499-7a402ca2ce6e.htm" />
    <HelpTOCNode Id="f89c945b-e2ac-41f6-a926-3af4a79aad5b" Title="BrowserTopMostEventArgs Class" Url="html/5d90f0c0-2696-b0ad-1ca3-9fa9bfddb496.htm">
      <HelpTOCNode Id="60a84c69-02e2-49bd-8f42-4b41b060fb57" Title="BrowserTopMostEventArgs Properties" Url="html/bcf3d6e9-f7bc-32cc-7c3c-469d30a5c7b3.htm">
        <HelpTOCNode Title="TopMost Property " Url="html/4ba87501-f1f3-1d9f-8927-c9d01b3311fd.htm" />
      </HelpTOCNode>
      <HelpTOCNode Title="BrowserTopMostEventArgs Methods" Url="html/47c01a8b-fb3f-a76f-0712-9a815f3f4269.htm" />
    </HelpTOCNode>
    <HelpTOCNode Id="30d5bb91-6c03-4b19-a7f1-719c63522fee" Title="FileDownloadEventArgs Class" Url="html/dc3a886b-e3ed-1cb7-195b-f62a56a04428.htm">
      <HelpTOCNode Id="7cd38db9-e632-47f1-9bfb-31d49da41c43" Title="FileDownloadEventArgs Properties" Url="html/36e0f877-e4d0-03a1-22b9-608dfb6e798a.htm">
        <HelpTOCNode Title="DownloadedBytes Property " Url="html/95958a70-722d-5a8d-37dd-11a65fbe0870.htm" />
        <HelpTOCNode Title="DownloadSize Property " Url="html/6e6afcb7-f680-781b-b81d-310a13d714f2.htm" />
        <HelpTOCNode Title="Status Property " Url="html/ef3cb2f8-a36c-1923-9f23-14b0aacf87c7.htm" />
      </HelpTOCNode>
      <HelpTOCNode Title="FileDownloadEventArgs Methods" Url="html/4486ba3b-120e-3000-62f7-4470394e34f4.htm" />
    </HelpTOCNode>
    <HelpTOCNode Title="FileDownloadEventHandler Delegate" Url="html/8d7f479e-a42d-e8a6-534f-969fa0868da4.htm" />
    <HelpTOCNode Title="MacroErrorOccurredEventHandler Delegate" Url="html/3ed62320-e5fa-5a51-ea28-327863ba754f.htm" />
    <HelpTOCNode Id="38571a63-5fe5-41d1-8ed2-00ee4c6bda11" Title="MasterPasswordEventArgs Class" Url="html/af9157ec-5288-aa06-0859-b5a12cb712ef.htm">
      <HelpTOCNode Id="89ac3e44-e77c-4365-bde6-0f969bb526a5" Title="MasterPasswordEventArgs Properties" Url="html/1a3247c3-f6f5-f620-fc75-412c34f6b399.htm">
        <HelpTOCNode Title="MasterPassword Property " Url="html/e6cc131c-c640-30cb-af64-8d1818ec2770.htm" />
      </HelpTOCNode>
      <HelpTOCNode Title="MasterPasswordEventArgs Methods" Url="html/0b102000-0a58-69c8-37d8-80c333e8a3bf.htm" />
    </HelpTOCNode>
    <HelpTOCNode Title="MasterPasswordRequestedEventHandler Delegate" Url="html/6d5e1322-4654-91c4-6d5e-16829919308e.htm" />
    <HelpTOCNode Title="PlayerModeChangedEventHandler Delegate" Url="html/4b48d2b1-a05d-0782-5047-e12afdb7e9c7.htm" />
    <HelpTOCNode Title="PlayerStatusUpdatedEventHandler Delegate" Url="html/97605d4a-d3ef-95ee-9187-d4d05d13e7cf.htm" />
    <HelpTOCNode Id="f74686d8-d62d-49bc-b04d-4a5b705d6630" Title="PromptEventArgs Class" Url="html/af78cdf8-e9b7-6ced-c492-2f922205fd7f.htm">
      <HelpTOCNode Id="43d3b419-d258-41dd-b57f-884e23aeeaec" Title="PromptEventArgs Properties" Url="html/75557cc4-3507-32a8-e2d3-abd3db07d836.htm">
        <HelpTOCNode Title="DefaultResponse Property " Url="html/0db943dd-d206-86ed-0621-7a30a2e86b1e.htm" />
        <HelpTOCNode Title="Handled Property " Url="html/3c0bf33e-5d29-9f1b-5ca7-fc70339023a6.htm" />
        <HelpTOCNode Title="Message Property " Url="html/5368a827-1256-fd90-3255-ea1c93758e88.htm" />
        <HelpTOCNode Title="NeedsInput Property " Url="html/f1cc9327-73e2-d197-8886-c2d16e398c5f.htm" />
        <HelpTOCNode Title="Value Property " Url="html/e1e694a4-12a1-2c5f-2ec9-110c0ca2f60e.htm" />
      </HelpTOCNode>
      <HelpTOCNode Title="PromptEventArgs Methods" Url="html/770b2d03-20bd-fe9c-fbd0-a7ec8496e36f.htm" />
    </HelpTOCNode>
    <HelpTOCNode Title="PromptEventHandler Delegate" Url="html/2472a7cc-3e0c-5b09-3fbf-0e2c8eb07d70.htm" />
    <HelpTOCNode Title="TopMostRequiredEventHandler Delegate" Url="html/e61e8eef-1632-2f80-e2c1-d7accc55a888.htm" />
  </HelpTOCNode>
</HelpTOC>
