﻿<?xml version="1.0" encoding="utf-8"?><HelpTOCNode Title="iMacrosControl Events" Url="html/e198f029-18eb-0336-ab48-ec14d0dadd42.htm"><HelpTOCNode Title="BrowserResize Event" Url="html/651e19c5-f6d4-b1f7-36fb-156bbe3b2fba.htm" /><HelpTOCNode Title="BrowserStatusUpdated Event" Url="html/e4cbbc42-d643-5817-fe1d-19f6edfa10b3.htm" /><HelpTOCNode Title="FileDownload Event" Url="html/195594b9-9cd6-4eff-c51c-595f784426b7.htm" /><HelpTOCNode Title="MacroErrorOccurred Event" Url="html/02dab8b8-3419-b517-2713-e916628a0064.htm" /><HelpTOCNode Title="MasterPasswordRequested Event" Url="html/a4749f87-62f6-c572-aa3e-366b505b6710.htm" /><HelpTOCNode Title="PlayerModeChanged Event" Url="html/fac513be-abb7-0f42-fe06-4aa900c201fb.htm" /><HelpTOCNode Title="PlayerStatusUpdated Event" Url="html/47a3d7fc-6278-100c-96a6-5bb7d997a804.htm" /><HelpTOCNode Title="Prompt Event" Url="html/5c4e29d8-2c60-7382-56a0-324608841bc3.htm" /><HelpTOCNode Title="TopMostRequired Event" Url="html/5d0085a3-49dd-5cce-3bbe-2d5f0cd46e69.htm" /></HelpTOCNode>