﻿<?xml version="1.0" encoding="utf-8"?><HelpTOCNode Title="iMacrosControl Methods" Url="html/daf24880-0651-a056-a3c5-78b15b870a32.htm"><HelpTOCNode Title="Create Method " Url="html/3fd36282-4523-77f4-23ac-65697f970b4f.htm" /><HelpTOCNode Title="Dispose Method " Url="html/6d3fa199-af2d-9f6c-f6bf-4369f3056843.htm" HasChildren="true" /><HelpTOCNode Title="GetBrowserEmulationMode Method " Url="html/c6ebeae9-70bd-2708-8185-0fabba1fd5e0.htm" /><HelpTOCNode Title="GetPerformanceData Method " Url="html/1d1a48c2-b55a-e17a-b5b7-afe52c7b68bb.htm" /><HelpTOCNode Title="PauseOrContinue Method " Url="html/c19502b3-6d15-61f7-74f5-ed68de9ad37d.htm" /><HelpTOCNode Title="Play Method " Url="html/1110cf09-8244-6af6-9da8-aa9263993836.htm" /><HelpTOCNode Title="SetBrowserEmulationMode Method " Url="html/5df43c3d-d47f-8055-b830-7ee73998937c.htm" /><HelpTOCNode Title="SetVariable Method " Url="html/212e1fcb-2fa9-6ad2-4afd-083d6214dc58.htm" /><HelpTOCNode Title="Stop Method " Url="html/f4d106b6-b2e6-9d08-e181-4ec3bf8d6563.htm" /></HelpTOCNode>