﻿<?xml version="1.0" encoding="utf-8"?><HelpTOCNode Title="iMacros.Component.EventHelpers" Url="html/4672c50f-c836-5498-8a9e-bb3439e8809a.htm"><HelpTOCNode Title="BrowserResizeEventArgs Class" Url="html/752f02e1-3ede-386c-676b-2034e6a1caa8.htm" HasChildren="true" /><HelpTOCNode Title="BrowserResizeEventHandler Delegate" Url="html/4315d5d2-5184-990c-825c-f005fa0d2779.htm" /><HelpTOCNode Title="BrowserStatusUpdatedEventHandler Delegate" Url="html/6052d360-8fd6-2254-d499-7a402ca2ce6e.htm" /><HelpTOCNode Title="BrowserTopMostEventArgs Class" Url="html/5d90f0c0-2696-b0ad-1ca3-9fa9bfddb496.htm" HasChildren="true" /><HelpTOCNode Title="FileDownloadEventArgs Class" Url="html/dc3a886b-e3ed-1cb7-195b-f62a56a04428.htm" HasChildren="true" /><HelpTOCNode Title="FileDownloadEventHandler Delegate" Url="html/8d7f479e-a42d-e8a6-534f-969fa0868da4.htm" /><HelpTOCNode Title="MacroErrorOccurredEventHandler Delegate" Url="html/3ed62320-e5fa-5a51-ea28-327863ba754f.htm" /><HelpTOCNode Title="MasterPasswordEventArgs Class" Url="html/af9157ec-5288-aa06-0859-b5a12cb712ef.htm" HasChildren="true" /><HelpTOCNode Title="MasterPasswordRequestedEventHandler Delegate" Url="html/6d5e1322-4654-91c4-6d5e-16829919308e.htm" /><HelpTOCNode Title="PlayerModeChangedEventHandler Delegate" Url="html/4b48d2b1-a05d-0782-5047-e12afdb7e9c7.htm" /><HelpTOCNode Title="PlayerStatusUpdatedEventHandler Delegate" Url="html/97605d4a-d3ef-95ee-9187-d4d05d13e7cf.htm" /><HelpTOCNode Title="PromptEventArgs Class" Url="html/af78cdf8-e9b7-6ced-c492-2f922205fd7f.htm" HasChildren="true" /><HelpTOCNode Title="PromptEventHandler Delegate" Url="html/2472a7cc-3e0c-5b09-3fbf-0e2c8eb07d70.htm" /><HelpTOCNode Title="TopMostRequiredEventHandler Delegate" Url="html/e61e8eef-1632-2f80-e2c1-d7accc55a888.htm" /></HelpTOCNode>